StudyID,SurgeryStart,DurationHours,Profile,RemovalTime,RemovalHour,Removed,RemovalProbability,HoursUntilRemoval,ForceNoRemoval
001,2026-04-21 11:00:00,28,MODERATE,,,False,0.0,,False
002,2026-05-06 07:00:00,45,MODERATE,,,False,0.0,,False
003,2026-02-21 17:00:00,81,MODERATE,,,False,0.0,,False
004,2026-01-30 14:00:00,110,MODERATE,,,False,0.0,,False
005,2026-02-18 17:00:00,88,MODERATE,,,False,0.0,,False
006,2026-03-16 21:00:00,81,MODERATE,2026-03-19 22:00:00,73.0,True,0.04510416666666667,73.0,False
007,2026-02-04 03:00:00,70,MILD,,,False,0.0,,False
008,2026-02-10 09:00:00,59,MODERATE,,,False,0.0,,False
009,2026-05-07 20:00:00,53,MODERATE,,,False,0.0,,False
010,2026-01-24 01:00:00,47,MODERATE,,,False,0.0,,False
011,2026-04-27 13:00:00,112,MODERATE,,,False,0.0,,False
012,2026-02-09 03:00:00,121,MODERATE,,,False,0.0,,True
013,2026-03-14 19:00:00,79,MODERATE,2026-03-17 21:00:00,74.0,True,0.045208333333333336,74.0,False
014,2026-03-14 17:00:00,47,MODERATE,,,False,0.0,,False
015,2026-01-07 02:00:00,116,MODERATE,,,False,0.0,,False
016,2026-01-30 13:00:00,124,MODERATE,,,False,0.0,,True
017,2026-05-07 01:00:00,83,MODERATE,2026-05-08 07:00:00,30.0,True,0.040625,30.0,False
018,2026-04-24 17:00:00,102,MODERATE,,,False,0.0,,False
019,2026-03-30 23:00:00,26,MODERATE,,,False,0.0,,False
020,2026-04-12 15:00:00,62,MODERATE,,,False,0.0,,False
021,2026-01-07 06:00:00,111,MODERATE,,,False,0.0,,False
022,2026-05-22 18:00:00,65,MILD,,,False,0.0,,False
023,2026-01-21 15:00:00,34,MODERATE,,,False,0.0,,False
024,2026-05-24 05:00:00,28,MODERATE,,,False,0.0,,False
025,2026-03-19 23:00:00,58,MODERATE,,,False,0.0,,False
026,2026-03-11 11:00:00,75,MODERATE,2026-03-13 21:00:00,58.0,True,0.043541666666666666,58.0,False
027,2026-02-04 04:00:00,119,MODERATE,,,False,0.0,,False
028,2026-03-14 13:00:00,90,MODERATE,,,False,0.0,,False
029,2026-05-23 18:00:00,107,MODERATE,2026-05-25 13:00:00,43.0,True,0.041979166666666665,43.0,False
030,2026-03-13 11:00:00,81,MODERATE,,,False,0.0,,False
031,2026-05-01 13:00:00,80,MILD,,,False,0.0,,False
032,2026-02-13 17:00:00,73,MODERATE,,,False,0.0,,False
033,2026-02-12 02:00:00,55,MODERATE,,,False,0.0,,False
034,2026-02-02 11:00:00,84,MODERATE,,,False,0.0,,False
035,2026-04-18 04:00:00,86,MODERATE,,,False,0.0,,False
036,2026-01-20 06:00:00,114,MODERATE,2026-01-24 15:00:00,105.0,True,0.0484375,105.0,False
037,2026-04-19 04:00:00,84,MODERATE,,,False,0.0,,False
038,2026-01-30 21:00:00,83,MODERATE,,,False,0.0,,False
039,2026-03-13 06:00:00,122,MODERATE,,,False,0.0,,True
040,2026-01-14 13:00:00,113,MODERATE,,,False,0.0,,False
041,2026-03-17 04:00:00,58,MILD,,,False,0.0,,False
042,2026-04-21 17:00:00,94,MODERATE,,,False,0.0,,False
043,2026-04-19 03:00:00,37,MODERATE,,,False,0.0,,False
044,2026-04-14 10:00:00,68,MODERATE,2026-04-17 04:00:00,66.0,True,0.044375,66.0,False
045,2026-05-04 02:00:00,122,MODERATE,,,False,0.0,,True
046,2026-03-06 01:00:00,55,MODERATE,,,False,0.0,,False
047,2026-03-28 01:00:00,70,MODERATE,2026-03-30 14:00:00,61.0,True,0.043854166666666666,61.0,False
048,2026-04-24 01:00:00,44,MODERATE,,,False,0.0,,False
049,2026-01-23 17:00:00,91,MODERATE,,,False,0.0,,False
050,2026-04-13 04:00:00,79,MODERATE,,,False,0.0,,False
051,2026-05-23 00:00:00,109,MODERATE,2026-05-26 13:00:00,85.0,True,0.04635416666666667,85.0,False
052,2026-04-05 08:00:00,55,MODERATE,,,False,0.0,,False
053,2026-05-24 05:00:00,49,MILD,,,False,0.0,,False
054,2026-03-16 19:00:00,81,MODERATE,,,False,0.0,,False
055,2026-04-29 12:00:00,90,MODERATE,,,False,0.0,,False
056,2026-03-03 10:00:00,80,MODERATE,,,False,0.0,,False
057,2026-02-28 17:00:00,61,MODERATE,,,False,0.0,,False
058,2026-03-14 13:00:00,31,MODERATE,,,False,0.0,,False
059,2026-01-02 03:00:00,90,MODERATE,2026-01-04 03:00:00,48.0,True,0.0425,48.0,False
060,2026-05-17 06:00:00,107,MILD,,,False,0.0,,False
061,2026-01-06 20:00:00,35,MILD,,,False,0.0,,False
062,2026-03-04 09:00:00,109,MODERATE,2026-03-08 12:00:00,99.0,True,0.0478125,99.0,False
063,2026-03-20 04:00:00,66,MODERATE,,,False,0.0,,False
064,2026-05-21 00:00:00,83,MODERATE,,,False,0.0,,False
065,2026-03-13 18:00:00,39,MILD,,,False,0.0,,False
066,2026-03-06 10:00:00,102,MODERATE,,,False,0.0,,False
067,2026-05-13 04:00:00,43,MODERATE,,,False,0.0,,False
068,2026-03-02 04:00:00,85,MODERATE,,,False,0.0,,False
069,2026-05-23 07:00:00,80,MODERATE,,,False,0.0,,False
070,2026-05-03 11:00:00,90,MODERATE,2026-05-07 04:00:00,89.0,True,0.04677083333333333,89.0,False
071,2026-01-07 07:00:00,96,MODERATE,,,False,0.0,,False
072,2026-03-11 13:00:00,49,MODERATE,,,False,0.0,,False
073,2026-05-23 00:00:00,31,MODERATE,,,False,0.0,,False
074,2026-02-26 10:00:00,100,MODERATE,,,False,0.0,,False
075,2026-01-23 10:00:00,30,MODERATE,,,False,0.0,,False
076,2026-05-05 21:00:00,52,MODERATE,,,False,0.0,,False
077,2026-02-20 12:00:00,105,MODERATE,,,False,0.0,,False
078,2026-02-03 13:00:00,105,MODERATE,2026-02-06 23:00:00,82.0,True,0.04604166666666667,82.0,False
079,2026-05-21 20:00:00,27,MODERATE,,,False,0.0,,False
080,2026-02-06 04:00:00,105,MODERATE,,,False,0.0,,False
081,2026-01-24 05:00:00,90,MODERATE,2026-01-26 07:00:00,50.0,True,0.042708333333333334,50.0,False
082,2026-01-22 13:00:00,113,MODERATE,,,False,0.0,,False
083,2026-03-12 08:00:00,105,MODERATE,,,False,0.0,,False
084,2026-03-18 15:00:00,90,MODERATE,,,False,0.0,,False
085,2026-01-18 01:00:00,52,MODERATE,,,False,0.0,,False
086,2026-03-31 12:00:00,75,MODERATE,2026-04-01 17:00:00,29.0,True,0.04052083333333333,29.0,False
087,2026-03-13 06:00:00,119,MODERATE,2026-03-16 15:00:00,81.0,True,0.0459375,81.0,False
088,2026-05-25 21:00:00,124,MODERATE,,,False,0.0,,True
089,2026-02-19 01:00:00,62,MODERATE,,,False,0.0,,False
090,2026-02-21 05:00:00,45,MODERATE,,,False,0.0,,False
091,2026-02-22 11:00:00,27,MODERATE,,,False,0.0,,False
092,2026-02-16 05:00:00,38,MODERATE,,,False,0.0,,False
093,2026-01-09 06:00:00,94,MODERATE,,,False,0.0,,False
094,2026-02-01 07:00:00,101,MODERATE,,,False,0.0,,False
095,2026-02-02 08:00:00,114,MODERATE,,,False,0.0,,False
096,2026-04-23 14:00:00,28,MODERATE,,,False,0.0,,False
097,2026-01-13 13:00:00,72,MODERATE,,,False,0.0,,False
098,2026-02-23 01:00:00,71,MODERATE,,,False,0.0,,False
099,2026-05-15 06:00:00,49,MODERATE,,,False,0.0,,False
100,2026-03-04 10:00:00,121,MODERATE,,,False,0.0,,True
